{
"rc": 5.376798323827276,
"params": {
"Pd": {
"E0": -3.9,
"Cpair": -29.41116626419081,
"λ": 4.07235980117858,
"γ2": 1.0153659314820083,
"s0": 1.5187385943182241,
"κ": 5.871379072975337,
"V0": 2.773,
"η2": 3.435522096771536,
"γ1": 1.0120199168144792,
"n0": 0.04642854141212114
},
"Cu": {
"E0": -3.51,
"Cpair": -19.50439680589552,
"λ": 3.601817995845185,
"γ2": 1.0335943498160205,
"s0": 1.4129031522054558,
"κ": 5.177849584793184,
"V0": 2.476,
"η2": 3.1218275598826053,
"γ1": 1.0241586143594834,
"n0": 0.06140984401893931
},
"C": {
"E0": -3.5,
"Cpair": -1.6742953470158783,
"λ": 3.575361830083468,
"γ2": 1.11134259637703,
"s0": 0.9578107511205525,
"κ": 5.27233589108503,
"V0": 0.332,
"η2": 3.1218275598826053,
"γ1": 1.0913363844962778,
"n0": 0.08921298219015139
},
"Ag": {
"E0": -2.96,
"Cpair": -28.320416601433266,
"λ": 3.575361830083468,
"γ2": 1.0197028631820702,
"s0": 1.5928234037971618,
"κ": 5.27233589108503,
"V0": 2.132,
"η2": 3.1218275598826053,
"γ1": 1.0148064096910834,
"n0": 0.03691338975643934
},
"O": {
"E0": -4.6,
"Cpair": -2.655536493831544,
"λ": 3.575361830083468,
"γ2": 1.08978364587793,
"s0": 1.0318955605994902,
"κ": 5.27233589108503,
"V0": 0.332,
"η2": 3.1218275598826053,
"γ1": 1.0728104206708604,
"n0": 0.05736084331439385
},
"N": {
"E0": -5.1,
"Cpair": -0.7276264980084284,
"λ": 3.575361830083468,
"γ2": 1.0999365189462311,
"s0": 0.9948531558600213,
"κ": 5.27233589108503,
"V0": 0.132,
"η2": 3.1218275598826053,
"γ1": 1.081505712154589,
"n0": 0.08246464768257564
},
"H": {
"E0": -3.21,
"Cpair": -1.4329444539534122,
"λ": 7.354814081757325,
"γ2": 1.2477588283361014,
"s0": 0.693222145838632,
"κ": 5.27233589108503,
"V0": 0.132,
"η2": 5.011553685719534,
"γ1": 1.0571075622321386,
"n0": 0.03691338975643934
},
"Ni": {
"E0": -4.44,
"Cpair": -25.498569527106536,
"λ": 3.6811864931303364,
"γ2": 1.0361945145687075,
"s0": 1.375860747465987,
"κ": 5.209974928932412,
"V0": 3.673,
"η2": 3.1539529040218333,
"γ1": 1.025744136078583,
"n0": 0.0695078454280302
},
"Pt": {
"E0": -5.85,
"Cpair": -37.055620663709625,
"λ": 4.142279667834547,
"γ2": 1.0139560120315214,
"s0": 1.5346139106351393,
"κ": 5.943188665757139,
"V0": 4.067,
"η2": 3.424183740016514,
"γ1": 1.0116490004462624,
"n0": 0.05412164275075749
},
"Al": {
"E0": -3.28,
"Cpair": -14.818954982298894,
"λ": 2.2090898411033693,
"γ2": 1.0663937507585906,
"s0": 1.5875316316915233,
"κ": 3.7794522516738565,
"V0": 1.493,
"η2": 2.343260396037791,
"γ1": 1.045294565324616,
"n0": 0.04723834155303023
},
"Au": {
"E0": -3.8,
"Cpair": -24.03629428127109,
"λ": 4.1233824065761775,
"γ2": 1.0177138979119744,
"s0": 1.5875316316915233,
"κ": 5.4291831595294955,
"V0": 2.321,
"η2": 3.163401534651018,
"γ1": 1.0141929458470813,
"n0": 0.0474407915882575
}
},
"acut": 23.858454772693438,
"beta": 1.809
}
